user_id,screen_name,followers_count,friends_count,listed_count,favourites_count,tweet_num,protected,verfied,label
2198516225,_Banzi_,27,199,0,601,122,0,0,1
1504258025804210176,DelorbeTori,81,2771,0,0,6,0,0,1
1581474148571877377,omkarVyawahare2,0,56,0,24,0,0,0,1
2967681610,L1BERTE_S,50,68,1,8735,2238,0,0,1
1400890434,mistamomo_,356,1104,19,18347,20160,0,0,1
1551514349667160064,Digi_dynamo,62,340,1,88,184,0,0,1
2545252076,Wordsnail,168,334,0,57312,12814,0,0,1
1554778352409399296,Jameer22115658,5,23,0,3,0,0,0,1
67678107,albanisaL,1973,2152,68,142,24432,0,0,1
947658475940864000,sky_walker877,60,2553,4,24369,2066,0,0,1
1032210307026960384,BabalauKhalid,1648,4627,1,5893,1788,0,0,1
1450157674532835341,VIRTUALREALITYA,81,1530,0,467,704,0,0,1
1341461095211528200,NotVeryPastoral,2022,4707,1,41,161,0,0,1
2724599329,magicomundo21,34320,10975,35,426,3163,0,0,1
3224985030,kapilarora1985,61,127,0,0,0,0,0,1
1386257010841333760,Neeraj92503620,4,134,0,738,49,0,0,1
1484188313753845763,OletRonald93,13,131,0,5,1,0,0,1
1545598425214947329,absolutelynot76,2,67,0,196,3,0,0,1
1293161350386954245,Avrnzz,0,1637,0,116,0,1,0,1
147711709,krsp70,1075,3872,22,6316,20138,0,0,1
772176898386427909,KupresakDanel,6,97,0,4,0,0,0,1
205071077,dillipc2,17,89,0,3,3,0,0,1
1277932250970181632,CultofLee,46,480,0,59,307,0,0,1
163545765,popstar_100,75,398,1,2734,5245,0,0,1
1565409978709676033,GodwinKaturebe,44,220,0,317,18,0,0,1
3069027641,lourdescueva96,50,277,1,416,507,0,0,1
1558649864816566273,yadav_nirahu,30,66,0,9,6,0,0,1
1560557379766435841,ApostleOtare,39,178,0,31,14,0,0,1
1558185456264773635,ShahdMosaad10,0,147,0,0,1,0,0,1
1299948077193793536,misfit_868,89,4041,0,9878,2288,1,0,1
455858575,pehnaz,2143,602,2,1,115,0,0,1
1569735406463365120,one_folo,64,391,0,1,22,0,0,1
3551773941,felixfamily671,43,306,1,11,8,0,0,1
2900086282,fox2817,22,104,1,13,20,0,0,1
1581358747699617792,Thatguy056091,7,112,0,4,2,0,0,1
2436742271,hornbuckle_c,3,4336,0,509,126,1,0,1
2466451334,animezdeka99,5,94,0,2,4,0,0,1
3034398989,seydousoro01,12,202,0,5,9,0,0,1
1566208841192185857,MinnickDylan,2,59,1,0,0,0,0,1
1550860629485195265,leonardaang,66,2884,1,333,67,0,0,1
2882274964,Jes_Mic,28,95,0,1,3,0,0,1
830412344727629825,StarWarsGaz,191,2150,1,2158,389,0,0,1
2342254872,JrMintNite,827,1248,0,16657,5751,0,0,1
1510943081620819977,Sofialovecat,602,698,0,113,93,0,0,1
1548852689148280838,kate05988698,18,119,0,0,2,0,0,1
1324819710798684160,BrkyLudoz,1603,5005,1,1830,733,0,0,1
1548942309940658177,FakoredeOyesiku,11,52,0,0,5,0,0,1
2248666371,emma58744134,20,439,0,2918,3,0,0,1
1574477224375422976,Jennife06477297,63,381,0,10,9,0,0,1
1537634023178002432,spuncandyco,33,272,0,18,22,0,0,1
870211955004289024,liwen43341101,0,137,0,18,0,1,0,1
1154730168113598464,Marek35281146,0,37,0,254,44,0,0,1
707303502419091456,jtang2000,9,596,3,1670,1,0,0,1
390940660,selin_johan,34,888,0,2923,359,0,0,1
857737102955393024,springmitang,35,215,1,467,1292,0,0,1
838282882783203328,OiAJ3ggjqRiowXb,14,4994,0,12819,84,1,0,1
2738316472,mika_mig,25,439,0,3,1,1,0,1
916979550701076480,KnollHelmut,0,52,0,6,24,1,0,1
14657348,tedtruth,13,321,0,72,239,0,0,1
797435517281378304,VJass2,0,3515,0,439,2,1,0,1
1298591298258194433,DawidRan,25,434,8,10920,184,0,0,1
1576433798924886017,khaledxrma,10,870,0,92,10,0,0,1
1527166147665178626,CarmelaMatia,20,297,0,102,12,0,0,1
862354501021220865,ANilsilp,40,2137,0,65,59,0,0,1
786958334461181952,RaminFarahani89,9,41,0,149,4,0,0,1
976824265,ry_haze,11,139,0,59,911,0,0,1
1385969249227845635,MalcolmMcClusk1,112,1436,0,1023,3067,1,0,1
705194337508806657,kimj247,388,3020,5,13415,7020,0,0,1
1435657481850589199,NebojsaOndrej,2,99,0,45,37,0,0,1
934337778,tz_yf,0,426,0,14426,6472,1,0,1
1356971598008483840,rave_eva,3,70,2,8,0,0,0,1
845932401956139009,ZastrowDavid,29,166,0,103,59,0,0,1
714574181048971264,JuniorAinamani,77,222,0,848,1486,0,0,1
1183243894202359808,MGJZJN,964,874,1,8881,5051,0,0,1
810639932,WILLMICHEALLEE,2,84,0,40,31,0,0,1
1403892085879492611,zhaoliangmin,134,3561,0,621,547,1,0,1
1494294072584019971,hoozer212,74,1081,1,4305,708,0,0,1
1337794348566650881,KristapsG2,2,226,0,32,3,0,0,1
1511880779592347650,am_galadriel,279,1363,0,5325,1353,0,0,1
2464786670,SBG1997,77,3028,6,7925,136,0,0,1
1528070270665342977,Liberrrterr,0,97,0,368,2,1,0,1
1058682978111447040,dellsee_free,0,165,0,267,203,1,0,1
1362839014668034054,Tahir25894387,26,380,0,24019,372,0,0,1
1290407578451816450,AeminiumCivitas,31,284,5,194,533,0,0,1
811524879707033600,GuanYong7047,8,151,0,13,25,0,0,1
1193741610992816128,Yyyyyyyyyyyyus,18,248,0,1365,603,0,0,1
1580664265744293888,EmilL1VXETARD,39,158,0,192,259,0,0,1
1497851551242723330,Wilco18615679,5,290,0,28,0,0,0,1
1367234499722022919,Goymopoulos,250,745,1,2793,1372,0,0,1
1403343918889156610,mahsimaham,1424,1177,0,9704,4651,0,0,1
919736700095614978,FSocietyH33,17,130,0,4526,726,0,0,1
1410182290693496834,IngeniousMe005,72,3115,0,2284,863,0,0,1
1266371356318298114,pan_franky,10,171,0,1029,265,0,0,1
1495499302319312900,Kiki33365317079,5,202,0,61,0,0,0,1
1502073857544359936,Freedom_Yeti,1117,2598,2,39997,16166,0,0,1
1015705441739796480,Tysquall1,0,70,0,11,0,0,0,1
24937000,mariits,60,233,3,1643,2747,1,0,1
1572132624071806983,20220608dhc,15,123,0,3,10,0,0,1
194191286,REINBOOMA,339,381,3,2322,796,0,0,1
1471175395,CharityW4CTI,4292,4103,71,27113,8377,0,0,1
2989157745,FodayFt,14,95,0,11,17,0,0,1
2928525726,khubaib_damas,114,743,0,197,785,0,0,1
1575308292783472640,unixsh_it,17,214,0,525,379,0,0,1
846765881820524544,ForceofLight_,271,475,2,7409,1584,0,0,1
1574826019223212042,hamiskimalio,2,100,0,0,0,0,0,1
1394750448033308676,FilantropDialog,0,169,0,941,102,1,0,1
2901713703,Travis___M,5,214,0,12,0,1,0,1
382452715,DanlAMayer,1071,861,48,3630,4224,0,0,1
1570456567438544896,KasiRed67259882,5,18,0,18,0,0,0,1
373611726,JoeBourke81,70,348,1,2016,1385,0,0,1
1889813401,jakrainer,16,534,0,40,8,0,0,1
1574085695039311873,ArnoldMunene6,1,62,0,1,0,0,0,1
1573040536994316289,KissekaEdward,245,1578,0,11,19,0,0,1
25373530,sandramuir,563,465,24,1822,2327,0,0,1
1329130244402507776,entrepreniggaa,237,292,5,4541,4664,0,0,1
1196705175815127041,claireq45748906,53,662,1,548,697,0,0,1
1580791283005521920,Himanshi2807,0,27,0,1,0,0,0,1
2431374065,danio_banjo,496,403,1,78296,1648,0,0,1
1575164932160733190,hacker37450853,19,79,0,22,55,0,0,1
48125941,AbiGonzalezH,291,1681,3,40437,24783,0,0,1
1271885726922289152,CeciliasCicci,143,4656,0,17,74,1,0,1
2994427926,nurinaira_,37,485,0,1785,1833,1,0,1
1514207493651677184,Idrisijaola1,33,311,0,111,116,0,0,1
1566208165041119233,Ayomikun_10,6,150,0,16,13,0,0,1
1574354735364472832,Mr_Mitty721,0,3,0,0,29,0,0,1
2971168081,mcvend01,5,206,0,1687,252,1,0,1
1394126137245143040,Mo02511108,17,292,0,7,7,0,0,1
1578705168094617600,ivamanovrek,0,8,0,0,0,0,0,1
79840681,candicejsutton,90,87,5,26,0,1,0,1
812443128368164864,ippsec,89972,302,617,1092,3805,0,0,1
1567422110787682304,Muhamma14164027,67,725,0,318,5,0,0,1
1112406605075746816,c4pt_mqs,9,852,0,0,0,0,0,1
1561811600335683584,uae_wings,1,66,0,22,0,0,0,1
1486906668084563971,s15_hamid,575,1860,0,181,145,0,0,1
1575219505978015756,misha_shahzaib,3,81,0,2,0,0,0,1
1540587687706509312,KhalidM01921205,638,1409,0,257,291,0,0,1
27253030,vannoord,56,313,5,48,143,0,0,1
1517790711214927874,Ali03638899,172,1128,1,4836,244,0,0,1
1576325328422588417,hat3_andr3,2,99,0,29,4,0,0,1
367613615,SamyGhannad,54,350,0,875,19,0,0,1
190637781,Carpanfan96,142,1044,0,5083,2730,0,0,1
1136754650177245185,pozitivetech,127,1163,2,19,371,0,0,1
27814221,JayeHoke,437,3415,6,3322,17602,0,0,1
1542176161370963968,kienzler_dennis,2,12,0,0,0,0,0,1
1576133171388813312,sravanspoiler11,0,32,0,3,0,0,0,1
1577561100945862656,punitiwa,3,49,0,0,3,0,0,1
1573643888115556352,Zainab7364,0,34,0,3,2,0,0,1
1452502661605908480,KhushiM36332445,7,120,0,66,23,0,0,1
2729534974,locker1776,168,754,5,2401,952,0,0,1
1511015953466863617,SetJetTech,5,100,0,242,88,0,0,1
1294767445199204362,PerceptivePlum,28,192,0,3961,1821,0,0,1
881175986976567296,valuenisse,4,102,0,175,3,0,0,1
1475484451618824192,austin_tseng,0,4,0,2,2,0,0,1
1154876298050887680,LisaLiu94897370,147,4737,0,3464,0,1,0,1
3472841476,vt9dt,3,204,0,6,2,1,0,1
939390763,huevonesoleones,1,39,0,10,59,0,0,1
169239126,nsamteladze,22,148,0,3,0,0,0,1
1544095202784296960,Burninrise,2,25,0,18,2,0,0,1
421364412,AKennyFitness,886,690,10,1761,1243,0,0,1
1358424335896182789,SendCoffee3,34,446,0,4846,1386,0,0,1
478024787,chassinou,157,648,2,26197,4881,0,0,1
2269210590,r_memel,18,121,0,5268,1734,0,0,1
1440003849629028352,hayimright,30,217,0,56,0,0,0,1
3071984672,canerakkoc,139,847,0,4330,3140,0,0,1
1579608052092870657,fuck_ruzkies,0,55,0,91,89,0,0,1
1007658409,perropote,4,107,0,9,2109,0,0,1
1075103735754432512,HoopesAdam,3,167,0,2,4,0,0,1
853933979044528128,zuoguanyunqi,348,245,2,3541,2520,0,0,1
1501356704532893696,Vargr75942780,1,19,0,23,4,1,0,1
1576479083176857603,Mial_Nic,27,866,0,3072,60,0,0,1
1564909819622035457,bh1886,1,186,0,113,4,0,0,1
2615618696,Yuriy_Stilson,1069,1417,13,42223,86133,0,0,1
1022256720184270853,Romxiin,18,417,0,1667,267,0,0,1
29788083,cdweaver,5838,461,243,8,1583,0,1,1
2947584822,anal90heaven,507,4546,3,18702,14823,1,0,1
1256277758453231621,M71996232,6,63,0,10643,2171,0,0,1
4812883108,tryba_hatal,256,459,0,17501,14877,0,0,1
729144723374411776,sajochiu,0,150,0,774,2,1,0,1
1441372969704439809,Grzegor25193741,3,137,0,120,80,0,0,1
1500523069982576643,kwon_jasonb,0,23,0,1,0,0,0,1
2304931290,bo__master,39,470,1,875,215,0,0,1
1384493552,gbuyukkale,85,1571,5,29,2162,0,0,1
996103703701671938,pwlsjk,30,1119,0,3750,974,0,0,1
1546391755918016512,FNewschan,0,91,0,2554,0,1,0,1
1269572899469512705,TheFamilyMan199,1703,177,1,23422,40415,0,0,1
723635598888710149,aleksnovak007,293,1060,3,27804,5123,0,0,1
1497278773636612101,PeterMa70615827,0,17,1,7,0,0,0,1
107106064,Matt_Shapiro,412,2495,10,598,2537,0,0,1
1425811924629942275,Patt_88,4,201,0,1750,71,0,0,1
1499987218810785793,GEO6060,4,26,0,24233,257,0,0,1
1496804906669379584,TM49158183,8,92,0,5875,232,0,0,1
767466435874545664,gdeorbe,51,169,0,4835,219,0,0,1
1425841550097932298,QPRMRtns5LvqYIY,19,69,0,2162,19,0,0,1
1498139089006071813,tvb2618,0,5,0,18,0,0,0,1
344858630,Yoe8999,71,329,0,6,2123,0,0,1
228876012,K4k4du,124,579,1,5109,353,0,0,1
1577657526467891200,minuitange,0,22,0,76,28,0,0,1
28619802,raygromer,32,246,0,3450,31,0,0,1
1230618866142851074,Aruba20201,88,16,0,107,16,0,0,1
1499772376199753731,NhtTun43788597,21,361,0,3,4,0,0,1
2876544315,arffmeddic,1220,2201,6,238,558,0,0,1
1611428196,makajara4,10,235,0,81,62,0,0,1
962454556440489985,PaniJoannaS,31,425,0,572,174,0,0,1
1582977936830787584,ase88974,1,39,0,1,6,0,0,1
1518943687819993088,peachamook,0,25,0,16,2,0,0,1
1498477564641296385,minagelina1,32,91,0,4055,1655,0,0,1
1573204233930870785,TamatoaTefaaroa,5,201,0,132,111,0,0,1
729398348,AngryMomUSA,3257,3371,15,113842,22774,0,0,1
1579900224973045763,SomeChicSarah,1,62,0,25,20,1,0,1
388410575,linda_lohse,629,2461,1,178286,67537,0,0,1
1519323305278427143,MalouinSteve,687,3134,0,2285,2286,0,0,1
1478577845081460740,STL_CryptoChris,732,2922,10,12062,3861,0,0,1
2892910672,stugot2,82,763,5,70475,6822,0,0,1
1348116575518396417,joy80178062,2970,4979,2,22368,22114,0,0,1
1519081285377003521,AndrewDabalNJ,6,139,0,1048,3,0,0,1
1345434550193717250,NotDanSnyder1,2955,3521,4,134881,87996,0,0,1
2823203838,Impacist735,99,502,2,4919,2856,0,0,1
1486245081732550659,MrThameson,3,130,0,31,14,0,0,1
1510343444987789318,Obiwonkanobi123,0,1942,0,8982,0,1,0,1
1144134744738676736,scott56920844,76,282,0,749,1278,0,0,1
837989619308253184,KyleLionheart1,291,871,3,4150,3895,0,0,1
1527028315621576707,DollyD2022,6384,3788,3,34744,41760,0,0,1
1545267872489828352,olitweetr,58,588,0,9510,406,0,0,1
23399173,fortytipper,46,154,1,765,1974,0,0,1
1480027708805423105,Farahback1,1993,2605,0,2430,6030,0,0,1
2202496006,seanlamb492,67,600,3,4605,2974,0,0,1
1384332884144574471,JesseBo64094531,14,934,0,5605,2282,1,0,1
257882833,taxwithbrad,2135,4922,0,4377,13108,0,0,1
1473453802921422848,frizenio,1,89,0,22,88,0,0,1
896087915285147648,RushistheGOAT,98,887,0,22256,10083,0,0,1
257309799,IAMLEGEND1204,617,1870,0,973,1302,0,0,1
1427413876870631424,usa_hanan,65,158,0,2835,1271,0,0,1
1419497873503264778,IMhO___w___Lv,4,280,0,2695,979,0,0,1
1564565230016929793,Jimyjames1776,46,642,0,438,1022,0,0,1
1278377319439179776,SleepyJenkins,83,360,0,190,1489,0,0,1
4085164222,romans_8_1,1696,4540,0,18342,33250,0,0,1
1564053381286662146,guest_america,41,658,0,300,249,0,0,1
2296658099,0timeforit,114,1712,0,5834,3034,0,0,1
1442876122119565315,Roland62962414,35,477,0,909,70,0,0,1
2157600427,k_kn30,1,625,0,57,6,1,0,1
1457159225046716426,2westbergs,25,491,0,4729,0,0,0,1
1576101991318663168,JedZSavage,462,159,0,291,79,0,0,1
1519502969485418496,Tifaliciious,75,422,0,941,619,0,0,1
1573850800312516612,SparklingWhit12,26,183,0,811,615,0,0,1
32292423,beachmamax2,1329,1351,22,31530,36519,0,0,1
1051523421488771074,AppeaseEasy,0,329,0,62,0,1,0,1
1288632002728665093,ArtofAstora,69,561,3,2047,96,0,0,1
47187389,KGEMER,177,1603,2,52768,4451,0,0,1
1422339522235445257,rjs631,1228,2836,3,4381,4352,0,0,1
4511525566,blhfam,0,108,0,1,0,0,0,1
925571688800051200,Jacobagri,74,198,0,441,2,0,0,1
1559192624229122050,Jonathan_Flows5,31,413,0,99,5,0,0,1
344063606,lunarsauk,203,620,3,10234,13347,0,0,1
1138790652349693952,TruthNotLies7,34,168,0,2824,1350,0,0,1
2411694472,WenzelDr,0,15,0,1,1,0,0,1
3437893750,fjp17209,155,609,0,72668,3857,0,0,1
1522383846,speedynjca,1,94,0,187,10,0,0,1
1565727581420376065,StephanieStav74,7,142,0,91,6,0,0,1
64911250,Makes3,46,432,0,33521,5,0,0,1
1513163590886383618,HunterH63348224,0,16,0,4,5,0,0,1
822513581216370689,Murph3244,2166,3844,3,35590,1707,0,0,1
216782048,chuckdemko,575,887,4,74182,2352,0,0,1
1876914812,CarlVanNus,6,85,0,134,16,0,0,1
1568291825743536131,thecynicalbrit,55,352,0,4202,1939,0,0,1
21023495,chris_newport,10,69,0,1,2,0,0,1
4037168892,ColinPo51124299,3,75,0,2,2,0,0,1
2669153169,cstorchia,10,177,1,2034,7,0,0,1
1519752424579379202,rwinkRN70,68,774,0,10,0,0,0,1
45823840,louise1365,18,261,0,3902,2520,0,0,1
1518838114713755649,TomTo66829082,467,544,0,4961,5404,0,0,1
56494510,Phill9497,0,186,0,10,0,1,0,1
1463489256735662094,Lindsey60232313,0,1,0,0,0,0,0,1
758869423788732416,stewit10,4,68,0,12,15,0,0,1
752555380325113856,KJAnton1976,2566,3229,4,10846,81238,0,0,1
1495604770698104836,azarias_del,4,275,0,0,0,0,0,1
1415436928774774788,Wendy85804444,5,125,0,28,1,0,0,1
408059455,Gator1464,1374,2471,26,63649,63512,0,0,1
1059360080,1984Trumanshow,36,394,1,2208,2025,0,0,1
1050531767814381568,theTruth_alone,601,642,2,57111,21835,0,0,1
964710930146844674,JJans2829,2,136,0,608,3,0,0,1
25434828,johnhmartineau,77,199,4,13,166,1,0,1
1174378302833922049,catrassler,416,1285,0,8253,210,0,0,1
914936987177541632,red8sox76,31,487,0,9383,138,0,0,1
1278042381053562882,attig_chadd,123,1290,0,502,89,0,0,1
1518648017343201283,Molld89,1,78,0,968,13,1,0,1
1479766805182697475,TUGGSPE80289493,421,2118,35,1180,1362,0,0,1
1519734569867649025,LepereLeisure,8,46,0,188,201,0,0,1
47810804,MU72,7,73,1,2299,33,0,0,1
1062921526146748417,RSkeletor,40,146,0,493,3025,0,0,1
1432725956775514113,1968_maddog,29,368,0,220,123,0,0,1
1454063366209740800,AskAndyCampbell,10,35,0,176,295,0,0,1
1510246092918599684,BonzaiZ2,4,174,0,40,0,0,0,1
1319390242487496709,BenLoewen11,909,3433,0,1057,854,0,0,1
1434994084163248136,MBlank87338230,3,164,0,194,90,0,0,1
1580630570102534144,JosephD45016357,23,193,0,136,86,0,0,1
1445474348173643784,PeteRusso7,11,140,0,15,0,0,0,1
1507473573052665864,JarrettSongstad,3,228,0,65,9,0,0,1
1325061223642247168,DrCarolStuart,24,101,0,7523,50,0,0,1
822966593428672513,WallmanNeil,3,79,0,22,4,0,0,1
2792946285,smithka430,1176,1599,1,244976,127829,0,0,1
438517507,TTino74,1908,2414,27,49845,53801,0,0,1
34306845,Zeesman,682,2526,4,797,1594,0,0,1
1461390034226008070,Barbara85714271,3,59,0,1,0,0,0,1
1581285750393520128,SarahWilliammm,69,371,0,1,5,0,0,1
38254304,rickspies,1156,3790,38,41524,19728,0,0,1
1098799130,monksdesigns,129,314,1,4747,161,0,0,1
1512371325226037262,reddic_michelle,2,134,0,1123,592,0,0,1
382145410,mhalps63,45,362,2,12795,1221,0,0,1
1398562998,deemarci1227,242,655,0,48735,3358,0,0,1
14443328,jackiebels,138,322,3,14083,1666,0,0,1
451636645,HossJD,468,760,0,50519,1523,0,0,1
1500273652356505603,4124122N2102651,17,475,0,2490,20,0,0,1
322385505,usmpcpt,62,760,2,7672,948,0,0,1
1579796129947992066,Bernade56365676,12,83,0,443,686,0,0,1
394567068,clbarne,2,983,0,107,7,1,0,1
29138156,The_Tucson_Kid,6,271,0,107,21,1,0,1
1141445244,MarkKopelman,34,117,0,11799,3846,0,0,1
466132738,cgkelly14,167,1675,2,4612,4682,0,0,1
737634944,Jenibug2,4,54,0,158,28,0,0,1
1215945157,river0013,44,328,1,35918,444,0,0,1
1499480451097903112,RealTimSewell,494,448,1,3210,5201,0,0,1
1575236056613589015,Augusto22964502,226,5001,0,439,18,0,0,1
1309483738779193344,aminultech24,3,169,1,1,5,0,0,1
1581967289364127745,lindami08048545,36,1130,0,1,0,0,0,1
18744083,zisforzeppelin,658,839,13,15709,14256,1,0,1
1527777455112540161,caseystsupery,13,178,0,6189,40,0,0,1
1583237802656993280,BookDOTM,2,53,0,53,0,0,0,1
2411241364,Bjorn_Anders1,320,857,0,680,684,0,0,1
1086303858853376000,jaymeswoulds,0,281,0,239,1787,0,0,1
2536268068,D2BtheTeach,39,71,0,1976,5208,0,0,1
50026377,BigDaddyCostco,642,1696,17,25654,61,1,0,1
552295230,JackalPc,130,714,0,35640,9644,0,0,1
1483473505463062528,312310SRFC,0,53,0,13,0,0,0,1
1516775912,gabydiaz2323,67,538,0,6797,517,1,0,1
1855587277,TimRiedel1,36,210,0,232,13,0,0,1
1155522524886765570,dt200459,8,440,0,5462,1844,0,0,1
831277785960181764,Rdl8192Boyz,134,281,0,17103,5677,0,0,1
773941669,castillom74,22,62,0,3104,167,0,0,1
1143043523718987778,BrianKirt,136,1268,0,4750,3279,0,0,1
3382362215,gina_roemer,854,1196,1,267686,85478,0,0,1
70553480,po_not_your_own,33,913,0,3726,1126,0,0,1
1289540707028545536,Renata28201439,58,521,0,19279,2310,0,0,1
1314663782396956673,Martyritesnovel,201,122,0,36621,2461,0,0,1
19014251,cherefor,57,461,0,6681,29,0,0,1
1426243023147442176,VarneyDayanna,18,219,0,9083,66,0,0,1
1223635234438119424,Derrick91083075,197,1580,0,5613,358,0,0,1
965872581516541959,Millie88333066,38,648,0,50,121,0,0,1
1445100248649682950,Dago_mon,33,279,0,2378,1189,0,0,1
1587404162,jucilei59610757,199,1040,0,2443,15,0,0,1
1583182785426165761,redwood995,1,64,0,12,4,0,0,1
1583256391841681416,mtzmd67083918,0,47,0,2,2,0,0,0
1581737354322132992,GaniyuI70581769,2,80,0,8,0,0,0,0
1583224793997918211,RendyWyland,1,13,0,0,0,0,0,0
1583200051815399424,louis_kalolo,1,77,0,0,0,0,0,0
1573325173368815616,Billie80816822,205,21,0,90,1134,0,0,0
1583155751547277312,Michelejane0,1,16,0,0,0,0,0,0
1583245832706576385,CraigEd76825971,0,18,0,0,0,0,0,0
1582473122439118848,williams1mason,45,539,0,32,17,0,0,0
1575475075960242180,MatthewOkolo3,11,66,0,0,4,0,0,0
1583253277545623554,ShaneCreech6,1,132,0,0,0,0,0,0
1567297084642193410,Dhananjay1482k3,3,44,0,55,1,0,0,0
1143189259534262272,JimBannon7,141,209,1,0,6735,0,0,0
1573351471869218817,Rhonda01335612,175,21,0,0,16,0,0,0
1583199047661363202,PrinceKJohn5,5,263,0,3,5,0,0,0
1306124942157774848,Cristhe59889479,0,27,0,1,0,0,0,0
1583162493156868103,naveenburramukk,2,14,0,0,0,0,0,0
1573739093669838849,SoulaBurrell,6,56,0,37,6,0,0,0
1573335829795184640,Marnie50241375,146,21,0,112,623,0,0,0
1344276946147024903,precious_ogarah,30,145,1,3780,9,0,0,0
1420300705055879170,cmiller473,0,67,0,29,0,0,0,0
1200666694659846144,FaeKiseki,27,66,0,3369,12,0,0,0
1583169639642763278,BikweAgba,4,89,0,0,2,0,0,0
1313134914590605318,LakenLitton,6,95,0,6,15,0,0,0
1581209458465710080,Ndagah_Lilo,13,176,0,0,0,0,0,0
1525125244566085633,Kayronluigi0,1,6,0,3,0,0,0,0
1582648286602731522,rrptackova,1,28,0,0,0,0,0,0
1583222534866083842,Lilnightinaleo,1,37,0,0,0,0,0,0
1573272348857454593,Bonny38306649,222,21,0,0,0,0,0,0
1537156423523741701,CrazedPixels,11,388,0,867,32,0,0,0
1579494897576443904,HussainiSadik1,4,31,0,14,5,0,0,0
1517013552946634752,holl_tei,0,78,0,5,0,1,0,0
1573351469771792387,Bridget25998476,138,21,0,0,11,0,0,0
1573303237645582338,Thu06489785,118,21,0,0,21,0,0,0
1030020452561891328,Lionel_Nana_kay,141,779,0,8429,215,0,0,0
1527466056104964096,OAA_Div2,0,54,0,0,0,1,0,0
1581322159485603844,bedirhan399_,0,34,0,51,0,1,0,0
1582938115542507520,MarthaTakyiwaa,5,171,0,8,6,0,0,0
1583168180968689667,FaridKh22444523,0,128,0,0,0,0,0,0
1087679306938150912,Ernest75652383,0,12,0,5,0,0,0,0
1556056693737267200,AramburuH3,1,28,1,0,0,0,0,0
1583271293666951169,iam_mwala,0,105,0,0,0,0,0,0
1577364306647289856,AINOMUGISHAEDS3,28,527,0,102,9,0,0,0
1583142310568566784,cheyb23cca,3,38,0,6,3,0,0,0
1573315728060698626,Geralyn49747151,158,21,0,107,1062,0,0,0
1573405449550020609,Violett22662683,125,21,0,0,7,0,0,0
1574869090484756523,cavekiddo_,1,29,0,28,5,0,0,0
1454107463775576069,Amandar89631072,5,46,0,8,3,0,0,0
1583181819050135571,yemzo22,0,88,0,0,0,0,0,0
1583262532181041154,AdrainSemon,1,52,0,0,0,0,0,0
1573317096041320449,Ginette08390939,113,21,0,112,633,0,0,0
1583262820791070720,IvanovJarvis,0,18,0,0,0,0,0,0
1582808275174961152,jorgiahawthorne,1,72,0,0,0,0,0,0
1582681965223886848,DylanCook181,3,36,0,1,0,0,0,0
1574602566205415439,PhaedrusLucret,0,85,0,0,0,0,0,0
1582619205353906176,MarcusHsu9,2,64,0,0,0,0,0,0
1563532175752183808,AyeleObsinan,7,136,0,12,0,0,0,0
1311343220140507137,maamagal,3,234,0,0,0,0,0,0
194519382,ip102803,4,26,0,3,9,0,0,0
1440685622553763848,Peace62801,0,62,0,23,5,0,0,0
1582857589481738240,annelson1387,1,20,0,0,0,0,0,0
1245073304,SuperAgTeacher,71,198,0,405,176,0,0,0
1582445194418524191,NellyLo85432863,1,19,0,0,2,0,0,0
1518813855757049856,Khurram13021096,0,77,0,140,36,0,0,0
1583047530543128576,LIT_edUP,1,60,0,0,0,0,0,0
1536327353785552896,Ravi87992519,71,1513,1,455,4,0,0,0
1416971092506210307,curvy_cora,2,25,0,0,2,0,0,0
1582393929609224193,H3g3m0nicTyr4nt,2,69,0,41,23,1,0,0
1582429896567029764,Charbelbassilll,1,90,0,4,0,0,0,0
741666071124574208,AdanQjourney,32,230,0,294,118,0,0,0
1581654416758751240,AbuHani96466202,1,33,0,2,2,0,0,0
1582566017838063617,EskusasaG,1,54,0,0,0,0,0,0
1581872583267713025,Kaka27315410,0,1496,0,3,1,1,0,0
1582895912354951168,JUSTONRAY04,8,74,0,0,0,0,0,0
22057653,highlandcollie,25,140,0,317,1483,1,0,0
1583031465515753472,LangevinSuk,5,92,0,0,0,0,0,0
1554075935661752320,SB_Amato,2,11,0,2,2,0,0,0
1578267923734753280,Nasir_0oo,7,44,0,108,4,0,0,0
1582895246228103168,MegBrow29527285,0,4,0,0,0,0,0,0
1415398563350257672,PG1304925924,21,476,0,9,0,0,0,0
1582484133531598848,dottysmum,3,91,0,0,0,0,0,0
1582525710161379329,Mathews17Deb,4,69,0,30,4,0,0,0
1073724161044885504,konjoe5,176,4943,0,1033,596,0,0,0
1520882778530799616,RichardJBrowni3,14,85,1,16,24,0,0,0
1582826206491205632,AleksMer3,1,52,0,0,0,0,0,0
2912518476,jwang3246,133,32,0,417,312,0,0,0
1583260079649849345,blazich_j,0,10,0,0,0,0,0,0
1582769626890784768,ChumnumShrath,2,44,0,2,3,0,0,0
1572501462206349313,PeterKipkurui12,2,70,0,26,4,0,0,0
3096228643,LoveneeshJ,11,234,1,957,72,0,0,0
1583121620637556736,ManassesLira2,9,91,0,29,12,0,0,0
3088182295,chee120494,1,29,0,14,159,1,0,0
1198761306,Ricci1223,160,653,2,754,296,0,0,0
1582451204319285270,Space1AndBeyond,2,102,0,0,1,0,0,0
1583259668746493953,HarryWi8692,3,10,0,0,0,0,0,0
1573382260983750657,DebKasler,2,22,0,0,0,0,0,0
1576657719972564992,abir__tiss,1,58,0,0,0,0,0,0
457369657,Oscass1,20,407,0,23,232,0,0,0
1582778979899113479,clipsen83,1,68,0,0,0,0,0,0
1582995208651825154,MeaKarisa,26,326,0,0,0,0,0,0
1582978467393519617,Rigober04169898,1,83,0,0,0,0,0,0
2737003958,WritesBright,51315,2637,313,10107,11514,0,1,0
47297360,WilliamColes1,667,695,17,70,9,0,0,0
323140379,scabralreports,674,1977,10,23569,4267,0,0,0
70158243,decsagi,1287,2947,3,9037,7701,0,0,0
2358267385,tariqzaidiphoto,2775,3974,36,1769,822,0,0,0
129167034,Hollycarystella,2058,3314,12,5298,2505,0,0,0
2375510436,England_Rob_,1454,1685,30,2871,1572,0,1,0
2586218657,FeierabendSam,196,783,1,4272,441,0,0,0
62012713,Zoeeee___,393,497,0,2981,17788,0,0,0
553283427,chenqiangg,13,4422,0,550,1000,1,0,0
64312140,charliebayliss_,1588,1446,20,3825,1232,0,1,0
34655247,Bill_Carmichael,1377,1923,46,1562,2870,0,0,0
2423596500,MattPower17,15,147,0,18,19,0,0,0
477215295,VelvetCakery,1682,2846,16,1327,1003,0,0,0
2422727715,heleninger11,28,165,0,16,24,0,0,0
14476016,AdamBienkov,124517,5067,1497,13077,69439,0,1,0
16596200,natalieben,184318,144163,1889,27220,108123,0,1,0
1075858459323719680,KeffordMatt,391,2288,5,8181,947,0,0,0
1594571881,BristolPopPunk,545,1130,3,26,1,0,0,0
1108532898171359233,saineydaffeh,378,3703,0,87,10,0,0,0
3129585838,JJ_641,6,370,0,10,16,0,0,0
14319386,danlytwyn,947,615,34,2396,1083,0,1,0
166942410,ITVWales,111108,1595,680,747,77411,0,1,0
448779052,JaredTinslay,314,665,6,817,790,0,0,0
769927495,ReganAustin_,287,1984,4,1594,443,0,0,0
7087662,mikewhills,7781,7911,444,22461,37594,0,1,0
71847547,shefalikulkarni,5899,3315,223,34715,26891,0,1,0
2240462418,smilealdie,143,1044,0,1041,0,0,0,0
374386698,CaraBentley,1100,2654,2,1094,1589,0,0,0
267919622,flocraig_,2117,1894,15,16699,3152,0,0,0
222422647,BenRPrice,1929,2446,38,3761,3791,0,1,0
1123318979689369602,Aleksey69839644,122,2984,0,7029,495,1,0,0
242375755,Pri_Bala,151,132,1,793,1654,1,0,0
735042348535681024,Craig_at_FAO,1453,4917,26,7643,3599,0,0,0
4502521007,WalesAtTheUN,4282,4777,52,13996,16327,0,0,0
24198431,Howardrjohnson,12979,1511,158,3814,4107,0,0,0
717757597680537600,annabellimor,2995,1075,14,3242,1579,0,1,0
31362094,MaximusEshraghi,62,338,3,100,58,0,0,0
386002944,kacungira,70603,2139,206,5686,10820,0,1,0
1258964642,ProfNessUoA,1651,743,39,909,2560,0,0,0
2809997517,beatrootjukebox,9,101,0,4,19,0,0,0
181701441,hannahamorgan,67,95,0,100,375,1,0,0
123027696,J_H_Edwards,242,738,3,361,512,0,0,0
995353224,RichardJohnRJ,1615,1417,8,16913,3260,0,0,0
3805669641,vbmovie,587,438,3,1789,430,0,0,0
102486948,ClaudiaAll,350,1009,14,1183,1428,0,0,0
14517537,preetalina,6818,2135,165,9651,12029,0,1,0
348900330,mair_thomas,712,1082,15,3187,7260,0,0,0
20787028,Gavinallen,2246,3195,47,13597,16070,0,0,0
21683398,samburgessuk,1684,733,40,5304,4753,0,0,0
781912490,changwei0605,5,215,0,1,2,0,0,0
1431176842401230850,ilmiglioramico,3,36,0,92,15,0,0,0
303498014,Ewwe777,893,2453,18,36644,44200,0,0,0
1583066722671681537,DesertAlex2,0,100,0,0,1,0,0,0
1535336875107442688,asewe90,47,236,0,14,0,0,0,0
1538732635085602816,andreprstyy_,3,270,0,228,0,0,0,0
1574407094823960579,GhirmesoM,1,85,0,0,0,0,0,0
161136543,Kafijas,275,351,0,1258,6988,0,0,0
1273188121782427649,Ibn3Adam1,69,158,0,4933,1980,0,0,0
574009033,iBasitt,5995,1155,12,152244,88532,0,0,0
1581395283388375040,AngrySaraz,5,58,0,11,0,0,0,0
999741267365060608,lucydied,34,503,3,2155,226,0,0,0
1582726845392646144,Jenniferant23,2,17,0,0,0,0,0,0
1450422089408733191,HableYou,610,825,0,1320,4112,0,0,0
1579358291888549890,HannahKaYeeLee2,2,14,0,4,0,0,0,0
1581746927452016642,DivineChidubem7,7,211,0,184,30,0,0,0
1518517073546256385,Shalev_Schwarz,688,2111,0,24008,3168,0,0,0
812246378847965184,bluncy123,3,35,0,343,43,0,0,0
42134352,wodca,0,25,0,16,1,0,0,0
1073960708642103296,AlvarAfonso98,299,339,0,40027,4180,1,0,0
1581780240518430720,bisby_skip,8,47,0,0,4,0,0,0
1574648190917554176,LalaniSameer2,0,42,0,94,9,0,0,0
2182965666,sviritat,1322,920,14,64736,38290,0,0,0
845432520564883456,Dissent911,611,1673,2,26957,47329,0,0,0
402915770,a_tarasen,186,254,3,1656,917,0,0,0
1450526860115329024,Ethiopi93364008,12,148,0,114,204,0,0,0
1468207001851281414,lopez_vp1,4,14,0,34,1,0,0,0
104414090,Krysalion,61,411,1,43034,4803,0,0,0
1581131355295043585,Hassank28831317,15,48,0,0,0,0,0,0
1564200381713944580,VictorA68776161,2,78,0,2,0,0,0,0
1543213708519903232,Dwhitey2404,47,908,0,9835,518,0,0,0
1485744498453975040,hamid_daneshjoo,184,1051,1,352,1502,0,0,0
1103369929674444801,Grc_Max,8,347,0,13802,90,0,0,0
1240312173378916355,al_ghlab1,0,413,0,22,0,1,0,0
1530803816760745984,LazorNatali,1,52,0,114,12,0,0,0
1582700233414381568,FikaduFike1,0,100,0,0,0,0,0,0
1301899159306407936,habte_kassahun,6,83,0,10,23,0,0,0
2330802838,HDelphini,129,1615,4,785,1268,0,0,0
2444573947,MooseyMan4,2,181,0,0,0,0,0,0
1504101734951813122,ZawareBabalu,12,393,0,423,49,0,0,0
1553008582152425473,634jijii,0,1776,0,6,0,1,0,0
3095473230,Aleksandr_FILL,49,395,0,13927,1362,0,0,0
1208525034492436482,Saeedfazel_pr,147,202,0,19715,6730,0,0,0
887490788,brendawright06,1358,1703,37,5451,3472,0,0,0
1436277942930247684,FredysAlvarez1,64,248,0,2278,5597,0,0,0
1212764179074994177,Maria35833387,1,69,0,2,0,1,0,0
1497767877537312773,BadshaM69125865,8,419,0,424,55,0,0,0
1548999418325729280,bdalrhm61016370,170,3064,1,25,0,0,0,0
1579843522890440705,CareAndRare,1041,3,0,1,1,0,0,0
706987984579473409,marccelarivera,114,1065,3,673,468,0,0,0
1579958587417411585,DidiWaziri,20,779,0,4,4,0,0,0
2535779018,letsa_goo,100,3259,0,75601,5826,0,0,0
1528381081388744704,gokuraj1996,22,220,0,3141,201,0,0,0
1571221427629756417,PauletteMirava1,6,155,0,39,2,0,0,0
1123236060488708096,elth125,2962,3555,1,19004,9496,0,0,0
1349332856154238976,PublicsInteres1,97,3277,0,257,10,0,0,0
1579493566770184194,MdJoyna81702480,3,191,0,14,1,0,0,0
1521603201597947906,ConorGoulding1,1,72,0,14,9,0,0,0
1131380577729253378,juju200415,1,31,0,1,0,0,0,0
1578309309577977857,jackie12967481,3,34,0,7,0,0,0,0
1578863770113286146,faybearden1956,1,16,0,0,0,0,0,0
1579686643988054016,mrchecker8,1,42,0,1,0,0,0,0
1578100091054850054,Mohamed05621003,0,7,0,0,0,0,0,0
1572724461685571584,WillieParish7,3,1261,0,306,212,1,0,0
1323331562616868865,AkoredeYunusu,3,134,0,1015,103,0,0,0
1213504466294431746,JuniorFeller1,15,244,0,17669,41,0,0,0
17199415,kaverkev,253,1680,0,18222,265,0,0,0
998107779054428160,KazimBamik,64,444,1,186,161,0,0,0
1576399202199953409,Draxler94836214,44,562,0,2185,35,0,0,0
1344483924018405376,ChiIrishRedHead,25,545,0,484,175,1,0,0
1580912305541259265,Kimberl18040679,0,6,0,0,0,0,0,0
1568360869129605125,QuannMatte,4,255,0,160,75,0,0,0
1456243432230371336,RussellPiske,8,128,0,7,10,0,0,0
1574966863595184135,Senthil15520901,1,60,0,0,0,0,0,0
1581697022603583488,Jared_Iverson1,8,81,0,0,0,0,0,0
1581893449858445312,xiaofo37102801,48,549,0,5,0,0,0,0
1577218872263876608,JENIFER0625,56,49,0,2821,2401,0,0,0
1577673343590752256,JackBul56074319,8,47,1,4,0,0,0,0
1580593706934992907,jai_babaki,0,25,0,0,1,0,0,0
1424965064906350593,polaris02wh,2,70,0,8,5,0,0,0
1508891429879554048,AAYANSID22,3,111,0,70,107,0,0,0
1564924242767929344,bashirahmadoma4,0,137,0,1,0,0,0,0
1134174250665893888,rioreal05,4,296,0,741,1392,0,0,0
1561359854589321217,xiaofenghong9,9,192,0,1222,0,0,0,0
784791537913884672,nataliiapopovaX,99,40,3,312,87,0,0,0
1524898127169441800,alishiri26792ta,196,1521,0,385,189,0,0,0
1239885412648321024,ZabihullahHali6,5,236,0,32,1,0,0,0
84366367,yeheyatov,37,1083,0,52,5,1,0,0
1577905451605397507,A_Muslim_Guy,13,894,0,13,48,0,0,0
1566570838291365889,DowVick,1,58,0,0,0,0,0,0
1532880698650021889,ChrisBormann5,288,2547,1,3988,1286,0,0,0
263294864,HosneyLarmacks,59,1710,1,12,428,1,0,0
1570270139563773953,bala71093,15,656,0,5,5,0,0,0
1518261718174027783,gallabuzz,35,3141,0,1036,40,1,0,0
1513459558223839233,bella_mondo_,0,26,0,10,6,1,0,0
931853894405193728,FadiNAMF,100,3020,6,4542,2592,0,0,0
1463297485720403971,HeatherKorenek,3,64,0,16,32,0,0,0
887245751084077057,AndersonOjiambo,440,2250,0,432,298,0,0,0
1580210485491802114,maddfinney,15,491,0,0,2,0,0,0
1579385885526700032,morshed01838202,29,466,0,700,25,0,0,0
1574140042527793152,Superskurkar,2,107,0,0,0,0,0,0
1562108815402729472,RayanJaved786,0,62,0,3,2,0,0,0
1575114262711881729,ITResanWork,2,111,0,7,0,0,0,0
950298994713952257,CryptoAsAWay,1401,2924,24,3517,37921,0,0,0
3162537673,13elle9eraldine,0,670,0,5186,6253,1,0,0
1575237999608172544,owais011010093,13,472,0,4,0,0,0,0
1575482236824342529,SheilaPoculan,1,76,0,0,0,0,0,0
1273317883360219136,AliBabu65457857,0,39,2,243,47,0,0,0
1023834716313550848,KunGeGe1,0,9,0,1,0,0,0,0
1567072591755759616,LeilaniPetters1,3,345,0,0,3,0,0,0
2682245060,amoakohene_1,61,416,0,11793,169,0,0,0
1527309329275269120,FitwiRico,89,1668,0,2,19,0,0,0
1581248295896326145,cr_th_2050,1,121,0,27,11,0,0,0
1397782946,Ugochukwulives,22,47,0,662,517,0,0,0
1560406124737998848,mikiasano48723,0,12,0,0,0,0,0,0
4423308612,jayjaytristana,2749,2960,28,143235,12031,0,0,0
1370605394284871682,8nxcE6m2rUGDW5Y,2,624,0,425,26,1,0,0
1579473845198753794,candytom3,3,96,0,108,213,0,0,0
1561903847559245829,PohWahThong1,1,88,0,0,0,0,0,0
2928097735,Sir_Alejan,377,874,4,52857,59360,0,0,0
1573318098320445441,RooferRockyHill,1,12,0,0,0,0,0,0
1575655637647695873,___LucasValerio,2,161,0,1,0,0,0,0
1561195547079626752,AnneCam55153660,19,276,0,0,0,0,0,0
1581172370559176706,Anisha11758130,2,50,0,10,0,0,0,0
1560582255948746752,DrAshokMahajan3,1,39,0,0,2,0,0,0
1572529870969651200,AmandaL0312,2,74,0,0,1,0,0,0
1525082770711658504,AAutshi,0,50,0,3,21,0,0,0
1562401728,adi_hourani,159,1219,1,314,295,0,0,0
1453372882080333829,Benjami46564851,9,297,1,19,1,0,0,0
1567693595825827841,Stacey05386033,0,32,0,1,0,0,0,0
1561964980420870146,SaviourSolomo20,7,113,1,0,0,0,0,0
1555015492733390848,PTTXJohnLee,5,90,0,2,5,0,0,0
369732074,RKHAN_RIZWAN,128,1524,0,21,30,1,0,0
1571614641213652992,lisa_bertke,0,35,0,0,0,0,0,0
1562038498676326400,dycemr1,9,115,0,91,7,0,0,0
80705750,Kimberly_Bruce,12,40,0,2186,35,0,0,0
943755983075110912,henry_gbara,243,2048,0,6729,562,0,0,0
1572489138607390722,goyahooshopping,4,33,0,1,24,0,0,0
1221534385012428803,irishexit44,158,1361,0,82766,579,0,0,0
1366986490681700357,JohnathanPaque1,4,137,3,5,0,0,0,0
1068716102778122240,GbVi3hBuJOQIZih,6,214,0,13,0,0,0,0
1568244948943704067,Zabazafare,0,49,0,5,2,0,0,0
1549245817181069314,LendaLee10,1,60,0,8,14,0,0,0
1319978030983426048,SundaoC,66,140,0,33,99,0,0,0
1573833672427700230,agarwal_adhik,0,54,0,0,0,0,0,0
1500239875471286276,wladislawfranz,0,77,0,0,0,1,0,0
1495485071922454530,Dayoder1,1,20,0,0,1,0,0,0
1572062420788469762,RyanBar11876508,1,8,0,0,0,0,0,0
1563025978539986949,johnnyhatcher13,37,85,0,6,7,0,0,0
524825522,Gilberto666fuck,134,4984,5,9615,5279,0,0,0
1266982169915936768,tyler_russell52,198,164,3,20873,5321,0,0,0
1582223053345398786,GranadoFam,3,80,0,0,0,0,0,0
1574491284873658383,aisa75099400,0,2,0,0,1,0,0,0
1422604298123309056,mr_Faizan07,10,494,0,32,16,0,0,0
1576947552674537473,DJandifresh,0,2,0,0,0,0,0,0
1576434958452887554,auntybleedsblue,5,55,0,28,15,0,0,0
1573286861145088001,Fayfay50318887,0,7,0,0,0,1,0,0
1530781792596377605,HayesBaylee,5,89,0,194,0,0,0,0
1571933371730726914,jr2020101978,50,417,0,1021,13,0,0,0
1577263899996454912,fuuri90384544,0,2,0,0,1,0,0,0
1548026426305044480,crosstheworldkk,4,23,0,4,0,0,0,0
1541070402612408320,maddddenbauer,49,442,0,492,238,0,0,0
1576326915878797314,all_happiness2,12,131,0,49,9,0,0,0
1433599277989777411,eAsYeD214,0,12,0,11,4,0,0,0
1573695450699399168,23nopippen,0,1,0,2,1,0,0,0
1528641771156160515,graham_greta,10,91,0,188,0,0,0,0
1572056434958794753,Jpetty29555246,20,458,0,57,0,0,0,0
1574728508093390849,jezam2103,5,14,0,0,0,0,0,0
464995573,MARISELAROMERO7,7,153,0,21,120,0,0,0
1577775572876410881,gingun1978,81,176,0,0,3,0,0,0
61043011,hashtagferlie,2,2883,0,2969,35996,1,0,0
1577432396684791818,RMGDallasTX,4,46,0,0,25,0,0,0
1520836908,ClementsWill98,170,172,0,3293,238,1,0,0
1574425471147823105,riversedge903,6,98,0,2,1,0,0,0
2734827853,PESHvolleyball,457,192,2,2278,1138,0,0,0
1570406808740560897,PresyousKDP,172,1519,2,71,124,0,0,0
1576793581699977220,ageha99524716,0,2,0,0,1,0,0,0
1572006902258696193,MaraRom02744826,0,1,0,0,0,0,0,0
1470587067675693057,Loeildumonde3,7,51,0,79,12,0,0,0
1576535117459341312,DizzyPics360,0,1,0,0,6,0,0,0
1568329411362955267,LordScorpio96,146,2133,0,16888,360,0,0,0
96975826,ekkehardjung,241,3909,1,21,9,0,0,0
1579581354253115398,BradleyKirsta,3,27,0,0,0,0,0,0
1574968942724014080,0nsumchrisshit,12,445,0,0,0,0,0,0
1549324257750048769,rev_stacey,5,199,0,0,4,0,0,0
2424361106,mikedceo,36,648,0,236,9,0,0,0
1575541358231752711,l09353387_lopez,0,27,0,6,1,0,0,0
1575596578458324992,Babygir89150321,0,3,0,0,0,0,0,0
1574838008230154269,007franc15c0,0,28,0,0,0,0,0,0
713969044982923264,beccarburke,167,179,1,486,297,0,0,0
1579594992535977984,shuuna62149261,0,2,0,0,1,0,0,0
783472718096191488,Cameron_Norbu,6,40,0,20,1,0,0,0
1574889608525094913,ElenaDa38002162,1,5,0,4,0,0,0,0
1465358110860718084,MrCoachBull,3,25,0,26,0,0,0,0
1575687966365995008,chigusa70795830,0,2,0,0,0,0,0,0
1576506437823504389,FranciscoPalob3,0,2,0,0,0,0,0,0
1570254264496177153,Nkindianfoods22,1,21,0,2,6,0,0,0
1580761571457994754,Dearl88447683,14,274,0,3,1,0,0,0
1577029386699669512,JessieVasco,0,1,0,0,0,0,0,0
708145207837986816,Tia_Jay_,73,344,0,3456,3466,1,0,0
